id,name,type,deck_type,capacity,bound_pillar,effect_type,description,flavor_text
LOC_R2_PIL_01,撒瑪利亞中央大廣場,地點,大能者據點,2,REG2_PIL_01 術士西門,大能據點,綁定大能者【術士西門】！常駐效果：全城百姓長期受法術蒙蔽，在此處講道檢定門檻 +2；但在此處呼求神蹟時震撼效果翻倍！,全城的人，無論大小，都聽從西門，說：「這人就是那稱為神的大能者！」
LOC_R2_PIL_02,安提阿帝國衛城公署,地點,大能者據點,2,REG2_PIL_02 大臣馬拿念,大能據點,綁定大能者【大臣馬拿念】！常駐效果：在此處執行【成全聖徒】時，全隊獲得 2 份大額物資；但在此處結束回合有 50% 機率遭羅馬官員盤問。,在安提阿的教會中，有分封王希律同養的馬拿念。
LOC_R2_PIL_03,大馬士革直街大宅,地點,大能者據點,1,REG2_PIL_03 門徒亞拿尼亞,大能據點,綁定大能者【門徒亞拿尼亞】！常駐效果：聖靈充滿之地！在此處執行【親近靈修】虔誠恢復 +2，且在此處代禱效果翻倍！,「兄弟掃羅，在你來的路上向你顯現的主，就是耶穌，打發我來，叫你能看見。」
LOC_R2_PIL_04,約帕海港慈善工坊,地點,大能者據點,2,REG2_PIL_04 女門徒多加,大能據點,綁定大能者【女門徒多加】！常駐效果：在此處進行【仁愛施予】救濟時免除物資消耗；且黃昏結束全隊自動獲得 1 份糧食！,在約帕有一個女徒，名叫大比大，翻希臘話就是多加；她廣行善事，多施賙濟。
LOC_R2_FREE_01,敘加城外的雅各井,地點,自由地點,2,無,活水聖地,無大能者。常駐效果：在此處親近靈修直接恢復 3 點虔誠；在此處與異邦婦女或平民講道時檢定自動 +2！,耶穌因走路困乏，就坐在井旁。那時約有午正。有一個撒瑪利亞的婦人來打水。
LOC_R2_FREE_02,城外大痲瘋隔離營,地點,自由地點,3,無,極度困苦,無大能者。常駐效果：容量多達 3 人！黃昏若停留在此每人扣 2 HP；但在此處成功施展醫治神蹟時，場上所有病患心門同時敞開！,在一個村莊，有十個長大痲瘋的，迎面而來，遠遠的站著，高聲說：「耶穌，夫子，可憐我們吧！」
LOC_R2_FREE_03,加薩曠野大篷驛站,地點,自由地點,3,無,商旅樞紐,無大能者。常駐效果：容量多達 3 人！在此處購買補給物資花費 -1，且抽到旅程牌時可自由挑選替換！,有主的一個使者對腓利說：「起來！向南走，往那從耶路撒冷下迦薩的路上去。」那路是曠野。
LOC_R2_FREE_04,基利心山異教祭壇遺址,地點,自由地點,1,無,屬靈爭戰,無大能者。常駐效果：在此處傳道講道 DC +2；但成功在此處帶領 1 人歸主，全隊虔誠直接暴增 4 點！,「我們的祖宗在這山上禮拜，你們倒說，應當禮拜的地方是在耶路撒冷。」
LOC_R2_FREE_05,約帕硝皮匠西門海邊之家,地點,自由地點,2,無,異象破繭,無大能者。常駐效果：在此處執行【認罪悔改】可直接破除種族與飲食偏見，全隊使徒消除 2 點罪惡值！,彼得在約帕一個硝皮匠西門的家裡，住了多日。魂遊象外，看見天開了。
